lecture_id,part,tags,video_length,deployed_at,video_minutes
l520,5.0,142.0,,,
l592,6.0,142.0,,,
l1259,1.0,222.0,359000.0,2019-10-07 05:05:29.123,5.983333333333333
l1260,1.0,220.0,487000.0,2019-10-07 05:05:38.105,8.116666666666667
l1261,1.0,221.0,441000.0,2019-10-07 05:05:43.162,7.35
l1262,1.0,223.0,587000.0,2019-10-07 05:05:48.780,9.783333333333333
l1263,1.0,224.0,490000.0,2019-10-07 05:05:55.399,8.166666666666666
l1264,2.0,227.0,298000.0,2019-10-07 05:05:55.678,4.966666666666667
l1265,2.0,231.0,303000.0,2019-10-07 05:06:00.727,5.05
l1266,2.0,229.0,345000.0,2019-10-07 05:06:05.161,5.75
l1267,2.0,230.0,342000.0,2019-10-07 05:06:09.152,5.7
l1268,2.0,228.0,509000.0,2019-10-07 05:06:12.499,8.483333333333333
l1269,2.0,225.0,363000.0,2019-10-07 05:06:16.381,6.05
l1271,2.0,226.0,369000.0,2019-10-07 05:06:20.860,6.15
l1246,2.0,192.0,460000.0,2019-10-07 05:06:24.819,7.666666666666667
l1247,2.0,189.0,530000.0,2019-10-07 05:06:28.652,8.833333333333334
l1248,2.0,190.0,412000.0,2019-10-07 05:06:32.500,6.866666666666666
l883,2.0,190.0,,,
l1339,5.0,129.0,164000.0,,2.7333333333333334
l1272,2.0,234.0,382000.0,2019-10-07 05:06:36.673,6.366666666666666
l844,0.0,187.0,197000.0,2018-11-13 14:46:04.192,3.283333333333333
l1273,2.0,233.0,416000.0,2019-10-07 05:06:40.401,6.933333333333334
l638,7.0,148.0,,,
l639,7.0,153.0,,,
l640,7.0,156.0,,,
l641,7.0,149.0,,,
l642,7.0,168.0,,,
l643,7.0,169.0,,,
l644,7.0,150.0,,,
l1249,2.0,191.0,420000.0,2019-10-07 05:06:43.798,7.0
l1250,2.0,188.0,438000.0,2019-10-07 05:06:47.202,7.3
l1275,3.0,240.0,412000.0,2019-10-07 05:06:51.788,6.866666666666666
l1276,3.0,252.0,684000.0,2019-10-07 05:06:59.602,11.4
l1277,3.0,251.0,730000.0,2019-10-07 05:07:09.569,12.166666666666666
l1278,3.0,249.0,763000.0,2019-10-07 05:07:18.155,12.716666666666667
l1279,3.0,253.0,706000.0,2019-10-07 05:07:26.045,11.766666666666667
l1287,4.0,236.0,685000.0,2019-10-07 05:08:26.965,11.416666666666666
l1288,4.0,237.0,651000.0,2019-10-07 05:08:34.462,10.85
l1289,4.0,243.0,689000.0,2019-10-07 05:08:43.352,11.483333333333333
l1290,4.0,242.0,644000.0,2019-10-07 05:08:51.447,10.733333333333333
l1291,4.0,238.0,680000.0,2019-10-07 05:08:58.654,11.333333333333334
l1292,4.0,239.0,777000.0,2019-10-07 05:09:07.218,12.95
l1293,5.0,256.0,474000.0,2019-10-07 05:09:07.500,7.9
l829,7.0,195.0,540000.0,,9.0
l830,7.0,195.0,422000.0,,7.033333333333333
l828,7.0,195.0,,,
l1338,0.0,204.0,197000.0,,3.283333333333333
l1294,5.0,292.0,541000.0,2019-10-07 05:09:07.782,9.016666666666667
l1295,5.0,276.0,595000.0,2019-10-07 05:09:08.062,9.916666666666666
l1296,5.0,287.0,434000.0,2019-10-07 05:09:10.121,7.233333333333333
l1297,5.0,271.0,474000.0,2019-10-07 05:09:12.252,7.9
l1298,5.0,275.0,471000.0,2019-10-07 05:09:14.420,7.85
l1299,5.0,277.0,594000.0,2019-10-07 05:09:16.569,9.9
l1300,5.0,260.0,265000.0,2019-10-07 05:09:16.853,4.416666666666667
l1301,5.0,272.0,404000.0,2019-10-07 05:09:18.953,6.733333333333333
l1302,5.0,264.0,686000.0,2019-10-07 05:09:26.877,11.433333333333334
l1251,5.0,88.0,524000.0,2019-10-07 05:09:32.650,8.733333333333333
l1303,5.0,290.0,398000.0,2019-10-07 05:09:34.780,6.633333333333334
l1304,5.0,281.0,544000.0,2019-10-07 05:09:39.406,9.066666666666666
l1305,5.0,294.0,452000.0,2019-10-07 05:09:41.508,7.533333333333333
l1306,5.0,278.0,384000.0,2019-10-07 05:09:43.599,6.4
l1307,5.0,289.0,537000.0,2019-10-07 05:09:49.755,8.95
l1308,5.0,286.0,750000.0,2019-10-07 05:09:51.900,12.5
l1309,5.0,284.0,547000.0,2019-10-07 05:10:00.173,9.116666666666667
l1310,5.0,255.0,511000.0,2019-10-07 05:10:00.452,8.516666666666667
l1319,5.0,261.0,533000.0,2019-10-07 05:10:31.435,8.883333333333333
l1320,5.0,270.0,666000.0,2019-10-07 05:10:33.516,11.1
l1321,5.0,269.0,452000.0,2019-10-07 05:10:38.385,7.533333333333333
l1322,5.0,282.0,752000.0,2019-10-07 05:10:42.396,12.533333333333333
l1323,5.0,293.0,929000.0,2019-10-07 05:10:48.250,15.483333333333333
l1252,5.0,130.0,1037000.0,2019-10-07 05:10:50.311,17.283333333333335
l1324,5.0,258.0,332000.0,2019-10-07 05:10:50.590,5.533333333333333
l1253,5.0,72.0,554000.0,2019-10-07 05:10:52.724,9.233333333333333
l1254,5.0,135.0,588000.0,2019-10-07 05:10:54.834,9.8
l1325,5.0,280.0,715000.0,2019-10-07 05:10:56.909,11.916666666666666
l1326,5.0,279.0,698000.0,2019-10-07 05:11:00.064,11.633333333333333
l1327,5.0,274.0,769000.0,2019-10-07 05:11:03.797,12.816666666666666
l1328,5.0,273.0,896000.0,2019-10-07 05:11:06.366,14.933333333333334
l1329,5.0,266.0,543000.0,2019-10-07 05:11:08.494,9.05
l1330,5.0,265.0,972000.0,2019-10-07 05:11:12.141,16.2
l1331,5.0,257.0,165000.0,2019-10-07 05:11:12.425,2.75
l1255,5.0,100.0,526000.0,2019-10-07 05:11:16.442,8.766666666666667
l1256,5.0,101.0,418000.0,2019-10-07 05:11:20.478,6.966666666666667
l1332,6.0,254.0,163000.0,2019-10-07 05:11:20.757,2.716666666666667
l1333,6.0,283.0,761000.0,2019-10-07 05:11:30.652,12.683333333333334
l1257,6.0,134.0,453000.0,2019-10-07 05:11:36.646,7.55
l1258,6.0,143.0,611000.0,2019-10-07 05:11:41.096,10.183333333333334
l1334,7.0,295.0,343000.0,2019-10-07 05:11:41.372,5.716666666666667
l1335,7.0,298.0,816000.0,2019-10-07 05:11:41.652,13.6
l1336,7.0,297.0,623000.0,2019-10-07 05:11:46.959,10.383333333333333
l1337,7.0,296.0,501000.0,2019-10-07 05:11:52.977,8.35
l651,1.0,187.0,264000.0,2019-10-07 05:11:53.265,4.4
l652,2.0,187.0,294000.0,2019-10-07 05:11:53.551,4.9
l653,3.0,187.0,187000.0,2019-10-07 05:11:53.831,3.1166666666666667
l654,4.0,187.0,200000.0,2019-10-07 05:11:54.123,3.3333333333333335
l655,5.0,187.0,179000.0,2019-10-07 05:11:54.402,2.9833333333333334
l656,6.0,187.0,232000.0,2019-10-07 05:11:54.683,3.8666666666666667
l657,7.0,187.0,297000.0,2019-10-07 05:11:54.963,4.95
l845,0.0,199.0,323000.0,2019-10-07 05:11:55.528,5.383333333333334
l846,0.0,199.0,334000.0,2019-10-07 05:11:55.808,5.566666666666666
l847,0.0,200.0,253000.0,2019-10-07 05:11:56.090,4.216666666666667
l848,0.0,200.0,279000.0,2019-10-07 05:11:56.369,4.65
l849,0.0,200.0,213000.0,2019-10-07 05:11:56.648,3.55
l850,0.0,201.0,246000.0,2019-10-07 05:11:56.928,4.1
l851,0.0,201.0,275000.0,2019-10-07 05:11:57.215,4.583333333333333
l852,0.0,202.0,273000.0,2019-10-07 05:11:57.493,4.55
l853,0.0,202.0,257000.0,2019-10-07 05:11:57.772,4.283333333333333
l854,0.0,203.0,266000.0,2019-10-07 05:11:58.056,4.433333333333334
l889,0.0,206.0,261000.0,2019-10-07 05:12:04.261,4.35
l890,0.0,207.0,287000.0,2019-10-07 05:12:09.678,4.783333333333333
l891,0.0,208.0,275000.0,2019-10-07 05:12:16.350,4.583333333333333
l892,0.0,209.0,287000.0,2019-10-07 05:12:22.944,4.783333333333333
l893,0.0,210.0,146000.0,2019-10-07 05:12:31.628,2.433333333333333
l894,0.0,211.0,189000.0,2019-10-07 05:12:37.072,3.15
l895,0.0,212.0,267000.0,2019-10-07 05:12:43.073,4.45
l1280,3.0,250.0,710000.0,2019-10-07 05:07:34.199,11.833333333333334
l1281,3.0,246.0,645000.0,2019-10-07 05:07:42.956,10.75
l1282,3.0,248.0,673000.0,2019-10-07 05:07:51.349,11.216666666666667
l1283,3.0,245.0,702000.0,2019-10-07 05:08:01.068,11.7
l1284,3.0,247.0,690000.0,2019-10-07 05:08:10.764,11.5
l1285,4.0,241.0,395000.0,2019-10-07 05:08:11.043,6.583333333333333
l1286,4.0,244.0,689000.0,2019-10-07 05:08:18.581,11.483333333333333
l1311,5.0,268.0,610000.0,2019-10-07 05:10:04.078,10.166666666666666
l1312,5.0,291.0,492000.0,2019-10-07 05:10:07.722,8.2
l1313,5.0,285.0,1042000.0,2019-10-07 05:10:11.359,17.366666666666667
l1314,5.0,267.0,624000.0,2019-10-07 05:10:15.448,10.4
l1315,5.0,288.0,793000.0,2019-10-07 05:10:17.670,13.216666666666667
l1316,5.0,259.0,278000.0,2019-10-07 05:10:17.945,4.633333333333334
l1317,5.0,262.0,813000.0,2019-10-07 05:10:20.006,13.55
l1318,5.0,263.0,543000.0,2019-10-07 05:10:22.150,9.05
l1270,2.0,232.0,360000.0,2019-10-07 05:06:20.579,6.0
l756,5.0,94.0,164000.0,2018-11-13 14:46:16.688,2.7333333333333334
l456,2.0,23.0,177000.0,2018-11-13 14:46:02.641,2.95
l457,2.0,30.0,137000.0,2018-11-13 14:46:02.682,2.283333333333333
l458,2.0,27.0,144000.0,2018-11-13 14:46:02.727,2.4
l1274,2.0,235.0,457000.0,2019-10-07 05:06:51.509,7.616666666666666
l805,5.0,99.0,230000.0,2019-10-07 05:30:56.512,3.8333333333333335
l855,0.0,203.0,253000.0,2019-10-07 05:11:58.345,4.216666666666667
l856,0.0,203.0,277000.0,2019-10-07 05:11:58.624,4.616666666666666
l896,0.0,213.0,415000.0,2019-10-07 05:12:52.392,6.916666666666667
l897,0.0,214.0,379000.0,2019-10-07 05:13:03.345,6.316666666666666
l898,0.0,215.0,385000.0,2019-10-07 05:13:09.856,6.416666666666667
l899,0.0,216.0,465000.0,2019-10-07 05:13:10.141,7.75
l900,0.0,199.0,293000.0,2019-10-07 05:13:10.422,4.883333333333334
l901,0.0,199.0,186000.0,2019-10-07 05:13:10.701,3.1
l902,0.0,200.0,229000.0,2019-10-07 05:13:10.979,3.816666666666667
l533,5.0,108.0,132000.0,2019-10-07 05:28:53.158,2.2
l903,0.0,200.0,208000.0,2019-10-07 05:13:11.259,3.466666666666667
l904,0.0,201.0,276000.0,2019-10-07 05:13:11.547,4.6
l905,0.0,201.0,228000.0,2019-10-07 05:13:11.828,3.8
l906,0.0,202.0,245000.0,2019-10-07 05:13:12.107,4.083333333333333
l907,0.0,202.0,214000.0,2019-10-07 05:13:12.387,3.566666666666667
l908,0.0,203.0,288000.0,2019-10-07 05:13:12.667,4.8
l909,0.0,203.0,211000.0,2019-10-07 05:13:12.946,3.5166666666666666
l419,1.0,12.0,,2019-10-07 05:13:17.756,
l420,1.0,16.0,,2019-10-07 05:13:22.412,
l421,1.0,22.0,,2019-10-07 05:13:29.243,
l422,1.0,9.0,,2019-10-07 05:13:35.790,
l423,1.0,14.0,,2019-10-07 05:13:42.171,
l424,1.0,8.0,,2019-10-07 05:13:47.976,
l425,1.0,5.0,,2019-10-07 05:13:56.427,
l658,1.0,15.0,,2019-10-07 05:14:02.420,
l426,1.0,13.0,,2019-10-07 05:14:07.238,
l427,1.0,1.0,,2019-10-07 05:14:13.620,
l428,1.0,4.0,,2019-10-07 05:14:21.113,
l429,1.0,180.0,,2019-10-07 05:14:26.326,
l430,1.0,3.0,,2019-10-07 05:14:33.078,
l431,1.0,6.0,,2019-10-07 05:14:39.686,
l432,1.0,18.0,,2019-10-07 05:14:45.742,
l433,1.0,10.0,,2019-10-07 05:14:50.526,
l434,1.0,11.0,,2019-10-07 05:14:55.231,
l435,1.0,17.0,,2019-10-07 05:15:01.324,
l436,1.0,20.0,,2019-10-07 05:15:08.502,
l437,1.0,19.0,,2019-10-07 05:15:12.736,
l659,1.0,1.0,228000.0,2019-10-07 05:15:13.015,3.8
l660,1.0,3.0,221000.0,2019-10-07 05:15:13.295,3.683333333333333
l661,1.0,4.0,243000.0,2019-10-07 05:15:13.578,4.05
l662,1.0,8.0,217000.0,2019-10-07 05:15:13.873,3.6166666666666667
l663,1.0,14.0,247000.0,2019-10-07 05:15:14.156,4.116666666666666
l664,1.0,10.0,272000.0,2019-10-07 05:15:14.457,4.533333333333333
l665,1.0,16.0,232000.0,2019-10-07 05:15:14.748,3.8666666666666667
l666,1.0,9.0,197000.0,2019-10-07 05:15:15.028,3.283333333333333
l667,1.0,12.0,234000.0,2019-10-07 05:15:15.305,3.9
l668,1.0,13.0,165000.0,2019-10-07 05:15:15.587,2.75
l669,1.0,6.0,280000.0,2019-10-07 05:15:15.863,4.666666666666667
l670,1.0,10.0,241000.0,2019-10-07 05:15:16.142,4.016666666666667
l671,1.0,5.0,193000.0,2019-10-07 05:15:16.418,3.216666666666667
l672,1.0,20.0,188000.0,2019-10-07 05:15:16.696,3.1333333333333333
l673,1.0,10.0,223000.0,2019-10-07 05:15:16.979,3.716666666666667
l674,1.0,6.0,198000.0,2019-10-07 05:15:17.255,3.3
l675,1.0,9.0,219000.0,2019-10-07 05:15:17.554,3.65
l676,1.0,17.0,204000.0,2019-10-07 05:15:17.840,3.4
l677,1.0,14.0,183000.0,2019-10-07 05:15:18.131,3.05
l678,1.0,15.0,185000.0,2019-10-07 05:15:18.416,3.0833333333333335
l679,1.0,11.0,187000.0,2019-10-07 05:15:18.701,3.1166666666666667
l680,1.0,9.0,159000.0,2019-10-07 05:15:18.981,2.65
l681,1.0,20.0,163000.0,2019-10-07 05:15:19.260,2.716666666666667
l682,1.0,180.0,147000.0,2019-10-07 05:15:19.541,2.45
l857,1.0,13.0,212000.0,2019-10-07 05:15:19.825,3.533333333333333
l858,1.0,15.0,254000.0,2019-10-07 05:15:20.108,4.233333333333333
l859,1.0,15.0,221000.0,2019-10-07 05:15:20.389,3.683333333333333
l860,1.0,11.0,206000.0,2019-10-07 05:15:20.669,3.433333333333333
l861,1.0,14.0,211000.0,2019-10-07 05:15:20.946,3.5166666666666666
l862,1.0,10.0,170000.0,2019-10-07 05:15:21.224,2.8333333333333335
l863,1.0,20.0,170000.0,2019-10-07 05:15:21.506,2.8333333333333335
l864,1.0,11.0,193000.0,2019-10-07 05:15:21.785,3.216666666666667
l865,1.0,18.0,233000.0,2019-10-07 05:15:22.065,3.8833333333333333
l866,1.0,11.0,207000.0,2019-10-07 05:15:22.347,3.45
l438,2.0,24.0,225000.0,2019-10-07 05:15:26.418,3.75
l439,2.0,28.0,211000.0,2019-10-07 05:15:31.432,3.5166666666666666
l440,2.0,38.0,248000.0,2019-10-07 05:15:35.816,4.133333333333334
l441,2.0,36.0,253000.0,2019-10-07 05:15:40.117,4.216666666666667
l442,2.0,44.0,235000.0,2019-10-07 05:15:45.145,3.9166666666666665
l443,2.0,31.0,219000.0,2019-10-07 05:15:49.307,3.65
l444,2.0,46.0,186000.0,2019-10-07 05:15:53.074,3.1
l445,2.0,34.0,224000.0,2019-10-07 05:15:56.731,3.7333333333333334
l446,2.0,25.0,171000.0,2019-10-07 05:15:59.844,2.85
l447,2.0,33.0,208000.0,2019-10-07 05:16:04.050,3.466666666666667
l448,2.0,41.0,177000.0,2019-10-07 05:16:09.270,2.95
l449,2.0,50.0,224000.0,2019-10-07 05:16:14.032,3.7333333333333334
l450,2.0,43.0,215000.0,2019-10-07 05:16:17.774,3.5833333333333335
l451,2.0,40.0,215000.0,2019-10-07 05:16:20.455,3.5833333333333335
l452,2.0,48.0,227000.0,2019-10-07 05:16:24.895,3.783333333333333
l453,2.0,26.0,171000.0,2019-10-07 05:16:28.464,2.85
l454,2.0,49.0,,2019-10-07 05:16:31.825,
l455,2.0,42.0,191000.0,2019-10-07 05:16:34.449,3.183333333333333
l683,2.0,23.0,177000.0,2019-10-07 05:16:37.257,2.95
l684,2.0,30.0,137000.0,2019-10-07 05:16:41.580,2.283333333333333
l685,2.0,27.0,144000.0,2019-10-07 05:16:47.893,2.4
l686,2.0,51.0,,2019-10-07 05:16:49.516,
l687,2.0,189.0,162000.0,2019-10-07 05:16:50.840,2.7
l688,2.0,189.0,213000.0,2019-10-07 05:16:52.172,3.55
l689,2.0,35.0,170000.0,2019-10-07 05:16:54.267,2.8333333333333335
l690,2.0,43.0,116000.0,2019-10-07 05:16:55.914,1.9333333333333333
l691,2.0,190.0,128000.0,2019-10-07 05:16:57.608,2.1333333333333333
l692,2.0,42.0,138000.0,2019-10-07 05:17:00.043,2.3
l693,2.0,25.0,161000.0,2019-10-07 05:17:01.923,2.683333333333333
l694,2.0,40.0,167000.0,2019-10-07 05:17:03.548,2.783333333333333
l695,2.0,41.0,140000.0,2019-10-07 05:17:04.990,2.3333333333333335
l696,2.0,192.0,149000.0,2019-10-07 05:17:06.697,2.4833333333333334
l697,2.0,190.0,169000.0,2019-10-07 05:17:08.204,2.816666666666667
l698,2.0,35.0,147000.0,2019-10-07 05:17:09.473,2.45
l699,2.0,40.0,146000.0,2019-10-07 05:17:11.347,2.433333333333333
l700,2.0,191.0,122000.0,2019-10-07 05:17:14.456,2.033333333333333
l701,2.0,50.0,128000.0,2019-10-07 05:17:16.771,2.1333333333333333
l702,2.0,48.0,116000.0,2019-10-07 05:17:18.939,1.9333333333333333
l703,2.0,33.0,213000.0,2019-10-07 05:17:20.905,3.55
l704,2.0,42.0,128000.0,2019-10-07 05:17:21.943,2.1333333333333333
l705,2.0,26.0,156000.0,2019-10-07 05:17:22.225,2.6
l706,2.0,193.0,134000.0,2019-10-07 05:17:22.509,2.2333333333333334
l707,2.0,188.0,130000.0,2019-10-07 05:17:22.789,2.1666666666666665
l708,2.0,49.0,103000.0,2019-10-07 05:17:23.071,1.7166666666666666
l709,2.0,30.0,252000.0,2019-10-07 05:17:27.299,4.2
l710,2.0,30.0,214000.0,2019-10-07 05:17:27.580,3.566666666666667
l711,2.0,23.0,130000.0,2019-10-07 05:17:29.409,2.1666666666666665
l712,2.0,27.0,135000.0,2019-10-07 05:17:35.925,2.25
l713,2.0,30.0,129000.0,2019-10-07 05:17:36.207,2.15
l714,2.0,30.0,110000.0,2019-10-07 05:17:36.497,1.8333333333333333
l715,2.0,51.0,150000.0,2019-10-07 05:17:36.774,2.5
l867,2.0,190.0,163000.0,2019-10-07 05:17:37.055,2.716666666666667
l868,2.0,40.0,137000.0,2019-10-07 05:17:37.335,2.283333333333333
l869,2.0,41.0,134000.0,2019-10-07 05:17:37.613,2.2333333333333334
l870,2.0,191.0,166000.0,2019-10-07 05:17:37.895,2.7666666666666666
l871,2.0,35.0,122000.0,2019-10-07 05:17:38.174,2.033333333333333
l872,2.0,50.0,117000.0,2019-10-07 05:17:38.456,1.95
l873,2.0,42.0,112000.0,2019-10-07 05:17:38.731,1.8666666666666667
l874,2.0,189.0,124000.0,2019-10-07 05:17:39.010,2.066666666666667
l875,2.0,50.0,113000.0,2019-10-07 05:17:39.296,1.8833333333333333
l876,2.0,25.0,138000.0,2019-10-07 05:17:39.575,2.3
l877,2.0,189.0,126000.0,2019-10-07 05:17:39.850,2.1
l878,2.0,189.0,109000.0,2019-10-07 05:17:40.134,1.8166666666666667
l879,2.0,192.0,126000.0,2019-10-07 05:17:40.429,2.1
l880,2.0,189.0,112000.0,2019-10-07 05:17:40.706,1.8666666666666667
l881,2.0,33.0,115000.0,2019-10-07 05:17:40.985,1.9166666666666667
l888,2.0,205.0,116000.0,2019-10-07 05:17:41.267,1.9333333333333333
l882,2.0,42.0,118000.0,2019-10-07 05:17:41.551,1.9666666666666666
l884,2.0,40.0,107000.0,2019-10-07 05:17:42.117,1.7833333333333334
l459,3.0,57.0,249000.0,2019-10-07 05:17:47.597,4.15
l460,3.0,58.0,166000.0,2019-10-07 05:17:54.350,2.7666666666666666
l461,3.0,56.0,141000.0,2019-10-07 05:17:58.377,2.35
l462,3.0,55.0,120000.0,2019-10-07 05:18:03.199,2.0
l463,3.0,53.0,157000.0,2019-10-07 05:18:06.721,2.6166666666666667
l464,3.0,52.0,181000.0,2019-10-07 05:18:10.998,3.0166666666666666
l465,3.0,54.0,165000.0,2019-10-07 05:18:17.875,2.75
l716,3.0,55.0,306000.0,2019-10-07 05:18:21.252,5.1
l717,3.0,55.0,370000.0,2019-10-07 05:18:24.872,6.166666666666667
l718,3.0,53.0,390000.0,2019-10-07 05:18:28.493,6.5
l719,3.0,56.0,358000.0,2019-10-07 05:18:33.426,5.966666666666667
l569,6.0,120.0,206000.0,2019-10-07 05:33:35.007,3.433333333333333
l720,3.0,57.0,360000.0,2019-10-07 05:18:37.441,6.0
l721,3.0,52.0,372000.0,2019-10-07 05:18:43.933,6.2
l722,3.0,52.0,359000.0,2019-10-07 05:18:48.344,5.983333333333333
l723,3.0,54.0,355000.0,2019-10-07 05:18:52.350,5.916666666666667
l724,3.0,58.0,312000.0,2019-10-07 05:18:55.921,5.2
l725,3.0,57.0,307000.0,2019-10-07 05:19:00.050,5.116666666666666
l726,3.0,58.0,328000.0,2019-10-07 05:19:05.009,5.466666666666667
l727,3.0,54.0,310000.0,2019-10-07 05:19:08.997,5.166666666666667
l466,4.0,59.0,174000.0,2019-10-07 05:19:18.534,2.9
l467,4.0,66.0,180000.0,2019-10-07 05:19:24.629,3.0
l468,4.0,61.0,209000.0,2019-10-07 05:19:33.318,3.4833333333333334
l728,4.0,194.0,211000.0,2019-10-07 05:19:43.861,3.5166666666666666
l469,4.0,69.0,229000.0,2019-10-07 05:19:53.560,3.816666666666667
l470,4.0,62.0,176000.0,2019-10-07 05:20:04.463,2.933333333333333
l471,4.0,70.0,211000.0,2019-10-07 05:20:16.097,3.5166666666666666
l472,4.0,68.0,175000.0,2019-10-07 05:20:24.064,2.9166666666666665
l473,4.0,65.0,158000.0,2019-10-07 05:20:31.532,2.6333333333333333
l474,4.0,60.0,252000.0,2019-10-07 05:20:41.071,4.2
l475,4.0,63.0,228000.0,2019-10-07 05:20:50.937,3.8
l476,4.0,64.0,149000.0,2019-10-07 05:20:58.939,2.4833333333333334
l477,4.0,67.0,194000.0,2019-10-07 05:21:09.158,3.2333333333333334
l478,4.0,57.0,226000.0,2019-10-07 05:21:11.285,3.7666666666666666
l479,4.0,58.0,184000.0,2019-10-07 05:21:14.444,3.066666666666667
l480,4.0,56.0,197000.0,2019-10-07 05:21:18.601,3.283333333333333
l481,4.0,55.0,258000.0,2019-10-07 05:21:22.638,4.3
l482,4.0,53.0,212000.0,2019-10-07 05:21:28.890,3.533333333333333
l483,4.0,52.0,232000.0,2019-10-07 05:21:32.819,3.8666666666666667
l484,4.0,54.0,205000.0,2019-10-07 05:21:38.893,3.4166666666666665
l729,4.0,52.0,329000.0,2019-10-07 05:21:41.754,5.483333333333333
l730,4.0,52.0,351000.0,2019-10-07 05:21:44.627,5.85
l731,4.0,53.0,421000.0,2019-10-07 05:21:47.554,7.016666666666667
l732,4.0,57.0,390000.0,2019-10-07 05:21:50.482,6.5
l733,4.0,58.0,459000.0,2019-10-07 05:21:56.061,7.65
l734,4.0,52.0,322000.0,2019-10-07 05:21:59.029,5.366666666666666
l735,4.0,56.0,320000.0,2019-10-07 05:22:02.083,5.333333333333333
l736,4.0,53.0,381000.0,2019-10-07 05:22:06.951,6.35
l737,4.0,54.0,288000.0,2019-10-07 05:22:09.930,4.8
l738,4.0,58.0,370000.0,2019-10-07 05:22:14.265,6.166666666666667
l739,4.0,53.0,277000.0,2019-10-07 05:22:17.188,4.616666666666666
l740,4.0,57.0,329000.0,2019-10-07 05:22:20.092,5.483333333333333
l485,5.0,77.0,190000.0,2019-10-07 05:22:39.703,3.1666666666666665
l486,5.0,74.0,,2019-10-07 05:23:12.892,
l487,5.0,85.0,222000.0,2019-10-07 05:23:20.647,3.7
l488,5.0,76.0,264000.0,2019-10-07 05:23:35.178,4.4
l489,5.0,83.0,381000.0,2019-10-07 05:23:46.196,6.35
l490,5.0,71.0,342000.0,2019-10-07 05:23:51.964,5.7
l491,5.0,86.0,187000.0,2019-10-07 05:24:01.330,3.1166666666666667
l492,5.0,98.0,196000.0,2019-10-07 05:24:08.140,3.2666666666666666
l648,5.0,78.0,258000.0,2019-10-07 05:24:18.770,4.3
l494,5.0,134.0,268000.0,2019-10-07 05:24:32.135,4.466666666666667
l495,5.0,119.0,261000.0,2019-10-07 05:24:37.560,4.35
l496,5.0,88.0,305000.0,2019-10-07 05:24:47.384,5.083333333333333
l649,5.0,120.0,206000.0,2019-10-07 05:24:52.110,3.433333333333333
l650,5.0,94.0,320000.0,2019-10-07 05:25:01.471,5.333333333333333
l499,5.0,73.0,269000.0,2019-10-07 05:25:08.192,4.483333333333333
l500,5.0,133.0,153000.0,2019-10-07 05:25:16.479,2.55
l501,5.0,105.0,181000.0,2019-10-07 05:25:24.310,3.0166666666666666
l502,5.0,107.0,178000.0,2019-10-07 05:25:30.967,2.966666666666667
l503,5.0,92.0,295000.0,2019-10-07 05:25:38.663,4.916666666666667
l504,5.0,103.0,263000.0,2019-10-07 05:25:56.244,4.383333333333334
l505,5.0,100.0,194000.0,2019-10-07 05:26:00.623,3.2333333333333334
l506,5.0,106.0,226000.0,2019-10-07 05:26:09.459,3.7666666666666666
l507,5.0,84.0,300000.0,2019-10-07 05:26:28.513,5.0
l508,5.0,96.0,280000.0,2019-10-07 05:26:39.036,4.666666666666667
l509,5.0,118.0,202000.0,2019-10-07 05:26:43.802,3.3666666666666667
l510,5.0,82.0,392000.0,2019-10-07 05:26:53.565,6.533333333333333
l511,5.0,80.0,261000.0,2019-10-07 05:26:59.867,4.35
l512,5.0,75.0,150000.0,2019-10-07 05:27:03.606,2.5
l513,5.0,121.0,273000.0,2019-10-07 05:27:08.788,4.55
l514,5.0,129.0,276000.0,2019-10-07 05:27:13.609,4.6
l515,5.0,101.0,200000.0,2019-10-07 05:27:18.864,3.3333333333333335
l516,5.0,130.0,326000.0,2019-10-07 05:27:35.160,5.433333333333334
l517,5.0,72.0,207000.0,2019-10-07 05:27:40.519,3.45
l518,5.0,144.0,,2019-10-07 05:27:42.937,
l519,5.0,93.0,239000.0,2019-10-07 05:27:48.361,3.9833333333333334
l521,5.0,81.0,393000.0,2019-10-07 05:28:00.187,6.55
l522,5.0,114.0,370000.0,2019-10-07 05:28:07.969,6.166666666666667
l523,5.0,116.0,236000.0,2019-10-07 05:28:14.022,3.933333333333333
l524,5.0,87.0,256000.0,2019-10-07 05:28:17.984,4.266666666666667
l525,5.0,138.0,249000.0,2019-10-07 05:28:21.603,4.15
l526,5.0,128.0,154000.0,2019-10-07 05:28:24.854,2.566666666666667
l527,5.0,135.0,195000.0,2019-10-07 05:28:28.999,3.25
l528,5.0,89.0,193000.0,2019-10-07 05:28:32.193,3.216666666666667
l529,5.0,115.0,225000.0,2019-10-07 05:28:37.691,3.75
l530,5.0,124.0,242000.0,2019-10-07 05:28:44.003,4.033333333333333
l531,5.0,113.0,202000.0,2019-10-07 05:28:46.589,3.3666666666666667
l532,5.0,104.0,134000.0,2019-10-07 05:28:50.381,2.2333333333333334
l534,5.0,122.0,137000.0,2019-10-07 05:28:56.407,2.283333333333333
l535,5.0,99.0,266000.0,2019-10-07 05:29:01.639,4.433333333333334
l536,5.0,111.0,294000.0,2019-10-07 05:29:08.512,4.9
l537,5.0,91.0,152000.0,2019-10-07 05:29:12.257,2.533333333333333
l538,5.0,132.0,258000.0,2019-10-07 05:29:16.519,4.3
l539,5.0,131.0,,2019-10-07 05:29:18.077,
l540,5.0,137.0,283000.0,2019-10-07 05:29:25.008,4.716666666666667
l541,5.0,117.0,,2019-10-07 05:29:28.016,
l542,5.0,125.0,251000.0,2019-10-07 05:29:33.713,4.183333333333334
l543,5.0,95.0,253000.0,2019-10-07 05:29:38.473,4.216666666666667
l544,5.0,97.0,178000.0,2019-10-07 05:29:41.773,2.966666666666667
l545,5.0,90.0,342000.0,2019-10-07 05:29:51.554,5.7
l546,5.0,79.0,175000.0,2019-10-07 05:29:56.896,2.9166666666666665
l547,5.0,126.0,172000.0,2019-10-07 05:30:01.559,2.8666666666666667
l548,5.0,110.0,133000.0,2019-10-07 05:30:05.581,2.216666666666667
l549,5.0,109.0,217000.0,2019-10-07 05:30:11.607,3.6166666666666667
l550,5.0,145.0,223000.0,2019-10-07 05:30:15.961,3.716666666666667
l551,5.0,123.0,151000.0,2019-10-07 05:30:20.326,2.5166666666666666
l552,5.0,140.0,176000.0,2019-10-07 05:30:24.905,2.933333333333333
l553,5.0,102.0,110000.0,2019-10-07 05:30:27.166,1.8333333333333333
l554,5.0,112.0,131000.0,2019-10-07 05:30:31.009,2.183333333333333
l555,5.0,136.0,104000.0,2019-10-07 05:30:33.956,1.7333333333333334
l556,5.0,141.0,107000.0,2019-10-07 05:30:36.237,1.7833333333333334
l741,5.0,119.0,296000.0,2019-10-07 05:30:36.702,4.933333333333334
l742,5.0,71.0,193000.0,2019-10-07 05:30:37.264,3.216666666666667
l743,5.0,86.0,248000.0,2019-10-07 05:30:37.988,4.133333333333334
l744,5.0,74.0,187000.0,2019-10-07 05:30:38.685,3.1166666666666667
l745,5.0,106.0,245000.0,2019-10-07 05:30:38.970,4.083333333333333
l746,5.0,93.0,157000.0,2019-10-07 05:30:39.251,2.6166666666666667
l747,5.0,81.0,268000.0,2019-10-07 05:30:39.536,4.466666666666667
l748,5.0,87.0,197000.0,2019-10-07 05:30:39.817,3.283333333333333
l749,5.0,95.0,206000.0,2019-10-07 05:30:40.100,3.433333333333333
l750,5.0,124.0,216000.0,2019-10-07 05:30:40.381,3.6
l751,5.0,122.0,177000.0,2019-10-07 05:30:40.670,2.95
l752,5.0,85.0,270000.0,2019-10-07 05:30:40.967,4.5
l753,5.0,95.0,136000.0,2019-10-07 05:30:41.253,2.2666666666666666
l754,5.0,88.0,206000.0,2019-10-07 05:30:41.554,3.433333333333333
l755,5.0,104.0,228000.0,2019-10-07 05:30:41.851,3.8
l757,5.0,94.0,213000.0,2019-10-07 05:30:42.381,3.55
l758,5.0,92.0,232000.0,2019-10-07 05:30:42.667,3.8666666666666667
l759,5.0,102.0,193000.0,2019-10-07 05:30:42.952,3.216666666666667
l761,5.0,109.0,176000.0,2019-10-07 05:30:43.255,2.933333333333333
l762,5.0,89.0,149000.0,2019-10-07 05:30:43.541,2.4833333333333334
l764,5.0,117.0,196000.0,2019-10-07 05:30:44.125,3.2666666666666666
l765,5.0,98.0,131000.0,2019-10-07 05:30:44.433,2.183333333333333
l766,5.0,88.0,109000.0,2019-10-07 05:30:44.715,1.8166666666666667
l767,5.0,105.0,132000.0,2019-10-07 05:30:45.006,2.2
l768,5.0,96.0,141000.0,2019-10-07 05:30:45.313,2.35
l760,5.0,101.0,152000.0,2019-10-07 05:30:45.691,2.533333333333333
l769,5.0,84.0,126000.0,2019-10-07 05:30:45.989,2.1
l770,5.0,74.0,143000.0,2019-10-07 05:30:46.283,2.3833333333333333
l771,5.0,128.0,132000.0,2019-10-07 05:30:46.589,2.2
l772,5.0,131.0,162000.0,2019-10-07 05:30:46.873,2.7
l773,5.0,90.0,133000.0,2019-10-07 05:30:47.184,2.216666666666667
l774,5.0,119.0,153000.0,2019-10-07 05:30:47.476,2.55
l775,5.0,76.0,186000.0,2019-10-07 05:30:47.778,3.1
l776,5.0,78.0,148000.0,2019-10-07 05:30:48.073,2.466666666666667
l777,5.0,75.0,185000.0,2019-10-07 05:30:48.361,3.0833333333333335
l778,5.0,123.0,206000.0,2019-10-07 05:30:48.668,3.433333333333333
l779,5.0,94.0,149000.0,2019-10-07 05:30:48.950,2.4833333333333334
l780,5.0,117.0,189000.0,2019-10-07 05:30:49.242,3.15
l781,5.0,83.0,165000.0,2019-10-07 05:30:49.527,2.75
l782,5.0,133.0,179000.0,2019-10-07 05:30:49.811,2.9833333333333334
l783,5.0,93.0,132000.0,2019-10-07 05:30:50.089,2.2
l784,5.0,80.0,156000.0,2019-10-07 05:30:50.376,2.6
l785,5.0,130.0,172000.0,2019-10-07 05:30:50.662,2.8666666666666667
l786,5.0,114.0,234000.0,2019-10-07 05:30:50.942,3.9
l787,5.0,140.0,187000.0,2019-10-07 05:30:51.221,3.1166666666666667
l788,5.0,82.0,185000.0,2019-10-07 05:30:51.507,3.0833333333333335
l789,5.0,144.0,166000.0,2019-10-07 05:30:51.797,2.7666666666666666
l790,5.0,103.0,159000.0,2019-10-07 05:30:52.087,2.65
l791,5.0,107.0,132000.0,2019-10-07 05:30:52.376,2.2
l792,5.0,121.0,154000.0,2019-10-07 05:30:52.662,2.566666666666667
l793,5.0,72.0,157000.0,2019-10-07 05:30:52.948,2.6166666666666667
l794,5.0,77.0,134000.0,2019-10-07 05:30:53.239,2.2333333333333334
l795,5.0,90.0,140000.0,2019-10-07 05:30:53.529,2.3333333333333335
l796,5.0,116.0,102000.0,2019-10-07 05:30:53.837,1.7
l797,5.0,100.0,110000.0,2019-10-07 05:30:54.124,1.8333333333333333
l798,5.0,135.0,116000.0,2019-10-07 05:30:54.427,1.9333333333333333
l799,5.0,88.0,95000.0,2019-10-07 05:30:54.750,1.5833333333333333
l800,5.0,134.0,145000.0,2019-10-07 05:30:55.042,2.4166666666666665
l801,5.0,118.0,84000.0,2019-10-07 05:30:55.331,1.4
l802,5.0,73.0,131000.0,2019-10-07 05:30:55.617,2.183333333333333
l803,5.0,108.0,90000.0,2019-10-07 05:30:55.912,1.5
l804,5.0,111.0,192000.0,2019-10-07 05:30:56.213,3.2
l806,5.0,113.0,97000.0,2019-10-07 05:30:56.812,1.6166666666666667
l807,5.0,115.0,119000.0,2019-10-07 05:30:57.116,1.9833333333333334
l808,5.0,91.0,86000.0,2019-10-07 05:30:57.411,1.4333333333333333
l557,6.0,77.0,190000.0,2019-10-07 05:31:17.691,3.1666666666666665
l558,6.0,74.0,,2019-10-07 05:31:51.978,
l559,6.0,85.0,222000.0,2019-10-07 05:31:59.947,3.7
l560,6.0,76.0,264000.0,2019-10-07 05:32:15.335,4.4
l561,6.0,83.0,381000.0,2019-10-07 05:32:27.511,6.35
l562,6.0,71.0,342000.0,2019-10-07 05:32:34.010,5.7
l563,6.0,86.0,187000.0,2019-10-07 05:32:44.940,3.1166666666666667
l564,6.0,98.0,196000.0,2019-10-07 05:32:51.961,3.2666666666666666
l565,6.0,78.0,258000.0,2019-10-07 05:33:02.881,4.3
l566,6.0,134.0,268000.0,2019-10-07 05:33:16.623,4.466666666666667
l567,6.0,119.0,261000.0,2019-10-07 05:33:22.220,4.35
l568,6.0,88.0,305000.0,2019-10-07 05:33:30.700,5.083333333333333
l763,5.0,103.0,,,
l570,6.0,94.0,320000.0,2019-10-07 05:33:44.374,5.333333333333333
l571,6.0,73.0,269000.0,2019-10-07 05:33:51.257,4.483333333333333
l572,6.0,133.0,153000.0,2019-10-07 05:33:59.597,2.55
l573,6.0,105.0,181000.0,2019-10-07 05:34:08.180,3.0166666666666666
l574,6.0,107.0,178000.0,2019-10-07 05:34:14.755,2.966666666666667
l575,6.0,92.0,295000.0,2019-10-07 05:34:21.031,4.916666666666667
l576,6.0,103.0,263000.0,2019-10-07 05:34:39.373,4.383333333333334
l577,6.0,100.0,194000.0,2019-10-07 05:34:44.307,3.2333333333333334
l578,6.0,106.0,226000.0,2019-10-07 05:34:53.840,3.7666666666666666
l579,6.0,84.0,300000.0,2019-10-07 05:35:13.814,5.0
l580,6.0,96.0,280000.0,2019-10-07 05:35:24.530,4.666666666666667
l581,6.0,118.0,202000.0,2019-10-07 05:35:29.407,3.3666666666666667
l582,6.0,82.0,392000.0,2019-10-07 05:35:39.783,6.533333333333333
l583,6.0,80.0,261000.0,2019-10-07 05:35:47.116,4.35
l584,6.0,75.0,150000.0,2019-10-07 05:35:50.955,2.5
l585,6.0,121.0,273000.0,2019-10-07 05:35:56.218,4.55
l586,6.0,129.0,276000.0,2019-10-07 05:36:01.087,4.6
l587,6.0,101.0,200000.0,2019-10-07 05:36:06.281,3.3333333333333335
l588,6.0,130.0,326000.0,2019-10-07 05:36:22.298,5.433333333333334
l589,6.0,72.0,207000.0,2019-10-07 05:36:27.503,3.45
l590,6.0,144.0,,2019-10-07 05:36:30.003,
l591,6.0,93.0,239000.0,2019-10-07 05:36:35.704,3.9833333333333334
l593,6.0,81.0,393000.0,2019-10-07 05:36:49.328,6.55
l594,6.0,114.0,370000.0,2019-10-07 05:36:57.756,6.166666666666667
l595,6.0,116.0,236000.0,2019-10-07 05:37:03.761,3.933333333333333
l596,6.0,87.0,256000.0,2019-10-07 05:37:07.784,4.266666666666667
l597,6.0,138.0,249000.0,2019-10-07 05:37:11.380,4.15
l598,6.0,128.0,154000.0,2019-10-07 05:37:14.589,2.566666666666667
l599,6.0,135.0,195000.0,2019-10-07 05:37:18.727,3.25
l600,6.0,89.0,193000.0,2019-10-07 05:37:22.038,3.216666666666667
l601,6.0,115.0,225000.0,2019-10-07 05:37:27.583,3.75
l602,6.0,124.0,,2019-10-07 05:37:33.847,
l603,6.0,113.0,202000.0,2019-10-07 05:37:36.445,3.3666666666666667
l604,6.0,104.0,134000.0,2019-10-07 05:37:39.868,2.2333333333333334
l605,6.0,108.0,132000.0,2019-10-07 05:37:42.575,2.2
l606,6.0,122.0,137000.0,2019-10-07 05:37:45.843,2.283333333333333
l607,6.0,99.0,266000.0,2019-10-07 05:37:50.959,4.433333333333334
l608,6.0,111.0,294000.0,2019-10-07 05:37:57.991,4.9
l609,6.0,91.0,152000.0,2019-10-07 05:38:01.601,2.533333333333333
l610,6.0,132.0,258000.0,2019-10-07 05:38:05.884,4.3
l611,6.0,131.0,,2019-10-07 05:38:07.439,
l612,6.0,137.0,283000.0,2019-10-07 05:38:14.297,4.716666666666667
l613,6.0,117.0,,2019-10-07 05:38:17.329,
l614,6.0,125.0,251000.0,2019-10-07 05:38:22.959,4.183333333333334
l615,6.0,95.0,253000.0,2019-10-07 05:38:27.717,4.216666666666667
l616,6.0,97.0,178000.0,2019-10-07 05:38:31.063,2.966666666666667
l617,6.0,90.0,342000.0,2019-10-07 05:38:40.165,5.7
l618,6.0,79.0,175000.0,2019-10-07 05:38:45.499,2.9166666666666665
l619,6.0,126.0,172000.0,2019-10-07 05:38:49.984,2.8666666666666667
l620,6.0,110.0,133000.0,2019-10-07 05:38:53.568,2.216666666666667
l621,6.0,109.0,217000.0,2019-10-07 05:38:59.271,3.6166666666666667
l622,6.0,145.0,223000.0,2019-10-07 05:39:03.348,3.716666666666667
l623,6.0,123.0,151000.0,2019-10-07 05:39:07.776,2.5166666666666666
l624,6.0,140.0,176000.0,2019-10-07 05:39:11.791,2.933333333333333
l625,6.0,102.0,110000.0,2019-10-07 05:39:15.562,1.8333333333333333
l626,6.0,112.0,131000.0,2019-10-07 05:39:21.371,2.183333333333333
l627,6.0,136.0,104000.0,2019-10-07 05:39:25.553,1.7333333333333334
l628,6.0,141.0,107000.0,2019-10-07 05:39:28.168,1.7833333333333334
l629,6.0,143.0,267000.0,2019-10-07 05:39:35.319,4.45
l926,6.0,143.0,421000.0,2019-10-07 05:39:41.129,7.016666666666667
l927,6.0,143.0,310000.0,2019-10-07 05:39:45.857,5.166666666666667
l910,6.0,134.0,224000.0,2019-10-07 05:39:49.068,3.7333333333333334
l911,6.0,77.0,195000.0,2019-10-07 05:39:53.274,3.25
l912,6.0,119.0,201000.0,2019-10-07 05:39:56.366,3.35
l913,6.0,129.0,190000.0,2019-10-07 05:40:00.005,3.1666666666666665
l914,6.0,94.0,230000.0,2019-10-07 05:40:02.672,3.8333333333333335
l915,6.0,88.0,186000.0,2019-10-07 05:40:05.679,3.1
l916,6.0,85.0,219000.0,2019-10-07 05:40:09.527,3.65
l917,6.0,76.0,211000.0,2019-10-07 05:40:12.538,3.5166666666666666
l918,6.0,83.0,198000.0,2019-10-07 05:40:14.852,3.3
l919,6.0,219.0,268000.0,2019-10-07 05:40:17.181,4.466666666666667
l920,6.0,138.0,242000.0,2019-10-07 05:40:20.555,4.033333333333333
l921,6.0,86.0,309000.0,2019-10-07 05:40:24.089,5.15
l922,6.0,98.0,172000.0,2019-10-07 05:40:25.962,2.8666666666666667
l923,6.0,71.0,195000.0,2019-10-07 05:40:27.941,3.25
l924,6.0,105.0,329000.0,2019-10-07 05:40:31.608,5.483333333333333
l925,6.0,133.0,329000.0,2019-10-07 05:40:35.647,5.483333333333333
l809,6.0,143.0,340000.0,2019-10-07 05:40:38.329,5.666666666666667
l810,6.0,143.0,406000.0,2019-10-07 05:40:40.596,6.766666666666667
l630,7.0,159.0,277000.0,2019-10-07 05:40:51.250,4.616666666666666
l631,7.0,170.0,322000.0,2019-10-07 05:41:00.369,5.366666666666666
l632,7.0,155.0,295000.0,2019-10-07 05:41:07.070,4.916666666666667
l633,7.0,146.0,200000.0,2019-10-07 05:41:14.317,3.3333333333333335
l634,7.0,157.0,325000.0,2019-10-07 05:41:23.237,5.416666666666667
l635,7.0,171.0,241000.0,2019-10-07 05:41:32.777,4.016666666666667
l636,7.0,152.0,194000.0,2019-10-07 05:41:39.598,3.2333333333333334
l637,7.0,167.0,149000.0,2019-10-07 05:41:40.885,2.4833333333333334
l811,7.0,148.0,167000.0,2019-10-07 05:41:44.087,2.783333333333333
l812,7.0,153.0,176000.0,2019-10-07 05:41:47.322,2.933333333333333
l813,7.0,156.0,124000.0,2019-10-07 05:41:51.341,2.066666666666667
l814,7.0,149.0,369000.0,2019-10-07 05:41:59.229,6.15
l815,7.0,151.0,162000.0,2019-10-07 05:42:06.500,2.7
l816,7.0,168.0,158000.0,2019-10-07 05:42:11.164,2.6333333333333333
l817,7.0,169.0,255000.0,2019-10-07 05:42:15.632,4.25
l818,7.0,150.0,226000.0,2019-10-07 05:42:19.784,3.7666666666666666
l819,7.0,167.0,254000.0,2019-10-07 05:42:27.376,4.233333333333333
l820,7.0,146.0,335000.0,2019-10-07 05:42:31.154,5.583333333333333
l821,7.0,152.0,205000.0,2019-10-07 05:42:37.339,3.4166666666666665
l822,7.0,159.0,261000.0,2019-10-07 05:42:40.712,4.35
l823,7.0,157.0,344000.0,2019-10-07 05:42:43.858,5.733333333333333
l824,7.0,155.0,395000.0,2019-10-07 05:42:49.012,6.583333333333333
l825,7.0,170.0,396000.0,2019-10-07 05:42:53.981,6.6
l826,7.0,146.0,376000.0,2019-10-07 05:42:58.130,6.266666666666667
l827,7.0,155.0,402000.0,2019-10-07 05:43:15.309,6.7
l885,7.0,196.0,446000.0,2019-10-07 05:43:25.691,7.433333333333334
l886,7.0,196.0,540000.0,2019-10-07 05:43:38.123,9.0
l887,7.0,196.0,422000.0,2019-10-07 05:43:52.440,7.033333333333333
l1,,,,,
l2,,,,,
l3,,,,,
l4,,,,,
l5,,,,,
l6,,,,,
l7,,,,,
l8,,,,,
l9,,,,,
l10,,,,,
l11,,,,,
l12,,,,,
l13,,,,,
l14,,,,,
l15,,,,,
l16,,,,,
l17,,,,,
l18,,,,,
l19,,,,,
l20,,,,,
l21,,,,,
l22,,,,,
l23,,,,,
l24,,,,,
l25,,,,,
l26,,,,,
l27,,,,,
l28,,,,,
l29,,,,,
l30,,,,,
l31,,,,,
l32,,,,,
l33,,,,,
l34,,,,,
l35,,,,,
l36,,,,,
l37,,,,,
l38,,,,,
l39,,,,,
l40,,,,,
l41,,,,,
l42,,,,,
l43,,,,,
l44,,,,,
l45,,,,,
l46,,,,,
l47,,,,,
l48,,,,,
l49,,,,,
l50,,,,,
l51,,,,,
l52,,,,,
l53,,,,,
l54,,,,,
l55,,,,,
l56,,,,,
l57,,,,,
l58,,,,,
l59,,,,,
l60,,,,,
l61,,,,,
l62,,,,,
l63,,,,,
l64,,,,,
l65,,,,,
l66,,,,,
l67,,,,,
l68,,,,,
l69,,,,,
l70,,,,,
l71,,,,,
l72,,,,,
l73,,,,,
l74,,,,,
l75,,,,,
l76,,,,,
l77,,,,,
l78,,,,,
l79,,,,,
l80,,,,,
l81,,,,,
l82,,,,,
l83,,,,,
l84,,,,,
l85,,,,,
l86,,,,,
l87,,,,,
l88,,,,,
l89,,,,,
l90,,,,,
l91,,,,,
l92,,,,,
l93,,,,,
l94,,,,,
l95,,,,,
l96,,,,,
l97,,,,,
l98,,,,,
l99,,,,,
l100,,,,,
l101,,,,,
l102,,,,,
l103,,,,,
l104,,,,,
l105,,,,,
l106,,,,,
l107,,,,,
l108,,,,,
l109,,,,,
l110,,,,,
l111,,,,,
l112,,,,,
l113,,,,,
l114,,,,,
l115,,,,,
l116,,,,,
l117,,,,,
l118,,,,,
l119,,,,,
l120,,,,,
l121,,,,,
l122,,,,,
l123,,,,,
l124,,,,,
l125,,,,,
l126,,,,,
l127,,,,,
l128,,,,,
l129,,,,,
l130,,,,,
l131,,,,,
l132,,,,,
l133,,,,,
l134,,,,,
l135,,,,,
l136,,,,,
l137,,,,,
l138,,,,,
l139,,,,,
l140,,,,,
l141,,,,,
l142,,,,,
l143,,,,,
l144,,,,,
l145,,,,,
l146,,,,,
l147,,,,,
l148,,,,,
l149,,,,,
l150,,,,,
l151,,,,,
l152,,,,,
l153,,,,,
l154,,,,,
l155,,,,,
l156,,,,,
l157,,,,,
l158,,,,,
l159,,,,,
l160,,,,,
l161,,,,,
l162,,,,,
l163,,,,,
l164,,,,,
l165,,,,,
l166,,,,,
l167,,,,,
l168,,,,,
l169,,,,,
l170,,,,,
l171,,,,,
l172,,,,,
l173,,,,,
l174,,,,,
l175,,,,,
l176,,,,,
l177,,,,,
l178,,,,,
l179,,,,,
l180,,,,,
l181,,,,,
l182,,,,,
l183,,,,,
l184,,,,,
l185,,,,,
l186,,,,,
l187,,,,,
l188,,,,,
l189,,,,,
l190,,,,,
l191,,,,,
l192,,,,,
l193,,,,,
l194,,,,,
l195,,,,,
l196,,,,,
l197,,,,,
l198,,,,,
l199,,,,,
l200,,,,,
l201,,,,,
l202,,,,,
l203,,,,,
l204,,,,,
l205,,,,,
l206,,,,,
l207,,,,,
l208,,,,,
l209,,,,,
l210,,,,,
l211,,,,,
l212,,,,,
l213,,,,,
l214,,,,,
l215,,,,,
l216,,,,,
l217,,,,,
l218,,,,,
l219,,,,,
l220,,,,,
l221,,,,,
l222,,,,,
l223,,,,,
l224,,,,,
l225,,,,,
l226,,,,,
l227,,,,,
l228,,,,,
l229,,,,,
l230,,,,,
l231,,,,,
l232,,,,,
l233,,,,,
l234,,,,,
l235,,,,,
l236,,,,,
l237,,,,,
l238,,,,,
l239,,,,,
l240,,,,,
l241,,,,,
l242,,,,,
l243,,,,,
l244,,,,,
l245,,,,,
l246,,,,,
l247,,,,,
l248,,,,,
l249,,,,,
l250,,,,,
l251,,,,,
l252,,,,,
l253,,,,,
l254,,,,,
l255,,,,,
l256,,,,,
l257,,,,,
l258,,,,,
l259,,,,,
l260,,,,,
l261,,,,,
l262,,,,,
l263,,,,,
l264,,,,,
l265,,,,,
l266,,,,,
l267,,,,,
l268,,,,,
l269,,,,,
l270,,,,,
l271,,,,,
l272,,,,,
l273,,,,,
l274,,,,,
l275,,,,,
l276,,,,,
l277,,,,,
l278,,,,,
l279,,,,,
l280,,,,,
l281,,,,,
l282,,,,,
l283,,,,,
l284,,,,,
l285,,,,,
l286,,,,,
l287,,,,,
l288,,,,,
l289,,,,,
l290,,,,,
l291,,,,,
l292,,,,,
l293,,,,,
l294,,,,,
l295,,,,,
l296,,,,,
l297,,,,,
l298,,,,,
l299,,,,,
l300,,,,,
l301,,,,,
l302,,,,,
l303,,,,,
l304,,,,,
l305,,,,,
l306,,,,,
l307,,,,,
l308,,,,,
l309,,,,,
l310,,,,,
l311,,,,,
l312,,,,,
l313,,,,,
l314,,,,,
l315,,,,,
l316,,,,,
l317,,,,,
l318,,,,,
l319,,,,,
l320,,,,,
l321,,,,,
l322,,,,,
l323,,,,,
l324,,,,,
l325,,,,,
l326,,,,,
l327,,,,,
l328,,,,,
l329,,,,,
l330,,,,,
l331,,,,,
l332,,,,,
l333,,,,,
l334,,,,,
l335,,,,,
l336,,,,,
l337,,,,,
l338,,,,,
l339,,,,,
l340,,,,,
l341,,,,,
l342,,,,,
l343,,,,,
l344,,,,,
l345,,,,,
l346,,,,,
l347,,,,,
l348,,,,,
l349,,,,,
l350,,,,,
l351,,,,,
l352,,,,,
l353,,,,,
l354,,,,,
l355,,,,,
l356,,,,,
l357,,,,,
l358,,,,,
l359,,,,,
l360,,,,,
l361,,,,,
l362,,,,,
l363,,,,,
l364,,,,,
l365,,,,,
l366,,,,,
l367,,,,,
l368,,,,,
l369,,,,,
l370,,,,,
l371,,,,,
l372,,,,,
l373,,,,,
l374,,,,,
l375,,,,,
l376,,,,,
l377,,,,,
l378,,,,,
l379,,,,,
l380,,,,,
l381,,,,,
l382,,,,,
l383,,,,,
l384,,,,,
l385,,,,,
l386,,,,,
l387,,,,,
l388,,,,,
l389,,,,,
l390,,,,,
l391,,,,,
l392,,,,,
l393,,,,,
l394,,,,,
l395,,,,,
l396,,,,,
l397,,,,,
l398,,,,,
l399,,,,,
l400,,,,,
l401,,,,,
l402,,,,,
l403,,,,,
l404,,,,,
l405,,,,,
l406,,,,,
l407,,,,,
l408,,,,,
l409,,,,,
l410,,,,,
l411,,,,,
l412,,,,,
l413,,,,,
l414,,,,,
l415,,,,,
l416,,,,,
l417,,,,,
l418,,,,,
l493,,,,,
l497,,,,,
l498,,,,,
l645,,,,,
l646,,,,,
l647,,,,,
l831,,,,,
l832,,,,,
l833,,,,,
l834,,,,,
l835,,,,,
l836,,,,,
l837,,,,,
l838,,,,,
l839,,,,,
l840,,,,,
l841,,,,,
l842,,,,,
l843,,,,,
